dayofyear,min,p05,p40,mean,p60,p95,max,2024,2024_diff,date
1,0.0,0.0,0.0,-0.12346529570567238,0.0,0.31776988187781857,1.9,0.0,0.12346529570567238,2024-01-01
2,0.0,0.0,0.0,-0.05762456023388821,0.0,0.44848479465423247,1.9,0.0,0.05762456023388821,2024-01-02
3,0.0,0.0,0.0,0.009540084949441797,0.0,0.5810491891982109,1.9,0.0,-0.009540084949441797,2024-01-03
4,0.0,0.0,0.0,0.07809983601612473,0.0,0.7155875497453353,1.9,0.0,-0.07809983601612473,2024-01-04
5,0.0,0.0,0.0,0.1480939466074868,0.03999999999999986,0.8521658803925485,1.9,0.0,-0.1480939466074868,2024-01-05
6,0.0,0.0,0.0,0.21953577863276968,0.1,0.9907955702780213,1.9,0.0,-0.21953577863276968,2024-01-06
7,0.0,0.0,0.0,0.29242127005530255,0.1,1.131454319633172,1.9,0.0,-0.29242127005530255,2024-01-07
8,0.0,0.0,0.0,0.3667385904423293,0.13999999999999987,1.274108920230236,1.9,0.0,-0.3667385904423293,2024-01-08
9,0.0,0.0,0.0,0.44247653543708354,0.2,1.4187389882935413,1.9,0.0,-0.44247653543708354,2024-01-09
10,0.0,0.0,0.060000000000000143,0.5196284674967647,0.2,1.5653647994686453,2.4,0.0,-0.5196284674967647,2024-01-10
11,0.0,0.0,0.060000000000000143,0.5981954961517738,0.2,1.714062336300389,5.9,0.0,-0.5981954961517738,2024-01-11
12,0.0,0.0,0.060000000000000143,0.678176169038448,0.2,1.864896417134468,5.9,0.0,-0.678176169038448,2024-01-12
13,0.0,0.0,0.1,0.759570427976275,0.2,2.017918838396877,5.9,0.0,-0.759570427976275,2024-01-13
14,0.0,0.0,0.1,0.8426514654305577,0.23999999999999988,2.1735802960123403,5.9,0.0,-0.8426514654305577,2024-01-14
15,0.0,0.0,0.30000000000000004,0.9294528014965395,0.5399999999999998,2.3350159096300436,6.1,0.0,-0.9294528014965395,2024-01-15
16,0.0,0.0,0.30000000000000004,1.049208133404571,0.5399999999999998,2.55225168782757,6.1,0.0,-1.049208133404571,2024-01-16
17,0.0,0.0,0.4,1.1744409639755715,0.7399999999999998,2.779866369057654,6.1,0.0,-1.1744409639755715,2024-01-17
18,0.0,0.0,0.4,1.3027452530093544,0.7399999999999998,3.0132364511250476,6.1,0.0,-1.3027452530093544,2024-01-18
19,0.0,0.0,0.5,1.4320890514094209,0.7999999999999999,3.24767355555229,6.1,0.0,-1.4320890514094209,2024-01-19
20,0.0,0.0,0.6200000000000002,1.5609723260247244,1.14,3.479232944774676,6.1,0.0,-1.5609723260247244,2024-01-20
21,0.0,0.0,0.6200000000000002,1.6884877490369328,1.2399999999999998,3.705276175464255,6.1,0.0,-1.6884877490369328,2024-01-21
22,0.0,0.0,0.7,1.8142683710031002,1.2999999999999998,3.9248664366079677,35.0,0.0,-1.8142683710031002,2024-01-22
23,0.0,0.0,0.7,1.9383169446698034,1.2999999999999998,4.138408108889931,38.3,0.0,-1.9383169446698034,2024-01-23
24,0.0,0.0,0.7600000000000001,2.060516485009317,1.3799999999999997,4.346503627594471,38.3,0.0,-2.060516485009317,2024-01-24
25,0.0,0.0,0.7600000000000001,2.180494071959934,1.3799999999999997,4.549177410088526,38.3,0.0,-2.180494071959934,2024-01-25
26,0.0,0.0,0.7600000000000001,2.297601995638563,1.3799999999999997,4.745227710490902,38.3,0.0,-2.297601995638563,2024-01-26
27,0.0,0.0,0.7600000000000001,2.4108307117947407,1.44,4.932787925501545,38.3,0.0,-2.4108307117947407,2024-01-27
28,0.0,3.387145322006921e-05,0.7600000000000001,2.519079694041314,1.44,5.110527970886449,38.3,0.0,-2.519079694041314,2024-01-28
29,0.0,0.00025430008989136557,0.7600000000000001,2.6212077168201207,1.44,5.277472748993267,38.4,0.0,-2.6212077168201207,2024-01-29
30,0.0,0.0009489226325231143,0.7600000000000001,2.7161150002447494,1.44,5.432746974007393,38.4,0.0,-2.7161150002447494,2024-01-30
31,0.0,0.002700320494971791,0.9,2.8029483845826793,1.5799999999999996,5.575577700897187,38.4,0.0,-2.8029483845826793,2024-01-31
32,0.0,0.006147223569768597,0.9,2.8815411167231804,1.5799999999999996,5.705485538816579,38.4,0.0,-2.8815411167231804,2024-02-01
33,0.0,0.01180331321400278,0.9600000000000002,2.9525751808296934,1.5799999999999996,5.823002674531135,38.4,0.9,-2.0525751808296935,2024-02-02
34,0.0,0.02002563696943647,1.1200000000000003,3.0176291988273403,1.7,5.930252726191122,38.4,0.9,-2.1176291988273404,2024-02-03
35,0.0,0.030961589822384717,1.1800000000000004,3.0790154569927615,1.7,6.031188991376762,38.4,0.9,-2.1790154569927616,2024-02-04
36,0.0,0.04454230586880494,1.1800000000000004,3.1393908659147614,1.7799999999999996,6.131751761446882,38.7,0.9,-2.2393908659147614,2024-02-05
37,0.0,0.060519953462123445,1.2400000000000004,3.201202310943955,2.2,6.239826542095547,38.7,0.9,-2.301202310943955,2024-02-06
38,0.0,0.07854621214207443,1.3000000000000007,3.265706416962754,2.2,6.361105331249723,38.7,0.9,-2.365706416962754,2024-02-07
39,0.0,0.09828640711928867,1.6200000000000003,3.3337973780430628,2.28,6.4987212973151305,38.7,0.9,-2.433797378043063,2024-02-08
40,0.0,0.11942925368700605,1.6200000000000003,3.4065027081379733,2.28,6.653869456480163,38.7,0.9,-2.5065027081379734,2024-02-09
41,0.0,0.1416886604799389,1.7,3.484648411902402,2.28,6.826480509710735,38.7,0.9,-2.584648411902402,2024-02-10
42,0.0,0.1648166112913002,1.7,3.569080042654372,2.28,7.016680331943859,38.7,0.9,-2.669080042654372,2024-02-11
43,0.0,0.18861070091052348,1.7600000000000002,3.6619988970139725,2.34,7.2248290173714365,38.7,0.9,-2.7619988970139726,2024-02-12
44,0.0,0.21289426991017404,1.7600000000000002,3.7663892971006523,2.4,7.45113570005573,38.7,0.9,-2.8663892971006524,2024-02-13
45,0.0,0.2375652602002627,1.8,3.885121754916722,2.559999999999999,7.6955079492415654,39.3,0.9,-2.985121754916722,2024-02-14
46,0.0,0.2626800989688189,1.8,4.020317770096061,2.559999999999999,7.957605057433706,39.3,0.9,-3.120317770096061,2024-02-15
47,0.2,0.2883151840378491,1.8,4.173315496896586,2.559999999999999,8.241309857467161,39.3,0.9,-3.273315496896586,2024-02-16
48,0.2,0.3144939922108327,1.86,4.344461030182654,2.7399999999999998,8.585457639744346,39.3,8.0,3.6555389698173464,2024-02-17
49,0.2,0.3410828972024848,1.9,4.5327329400055625,2.9,9.134423770854358,39.3,8.0,3.4672670599944375,2024-02-18
50,0.3,0.36780791146368896,2.0200000000000005,4.735622545016055,2.9799999999999995,10.139194838933477,39.3,8.0,3.2643774549839453,2024-02-19
51,0.3,0.3944038982997734,2.0200000000000005,4.949529549206991,2.9799999999999995,11.667923632430778,39.4,8.0,3.050470450793009,2024-02-20
52,0.3,0.4206076426912458,2.16,5.17050405941913,2.9799999999999995,13.38461090030202,39.4,8.0,2.8294959405808697,2024-02-21
53,0.3,0.44626282590416605,2.5200000000000005,5.395133099300651,3.379999999999999,14.942718153901504,40.7,8.0,2.6048669006993492,2024-02-22
54,0.3,0.4715932426754231,2.6,5.621063989939543,4.14,16.265931393331634,40.7,8.0,2.378936010060457,2024-02-23
55,0.3,0.4970618821465295,2.9,5.846933406489579,4.359999999999999,17.419229689942817,40.7,8.0,2.153066593510421,2024-02-24
56,0.3,0.5232323977691195,2.9,6.072241781579785,4.6,18.48065659677562,42.699999999999996,8.0,1.927758218420215,2024-02-25
57,0.3,0.5507521401561988,2.9,6.296875404711936,4.76,19.508203889327003,54.599999999999994,8.0,1.703124595288064,2024-02-26
58,0.3,0.5803482008505724,2.9,6.520745639759364,5.18,20.545166298680215,54.599999999999994,8.0,1.4792543602406356,2024-02-27
59,0.3,0.6126258834563222,2.9,6.743599947708483,5.4799999999999995,21.63382271820873,54.599999999999994,8.0,1.256400052291517,2024-02-28
60,0.3,0.6478870613429426,2.9,6.965137881441487,5.4799999999999995,22.827909709924047,54.599999999999994,8.0,1.0348621185585127,2024-03-01
61,0.3,0.6862374329404227,2.9,7.1845057940635515,5.4799999999999995,24.195371019092946,54.599999999999994,8.0,0.8154942059364485,2024-03-02
62,0.3,0.727557591851703,2.9,7.40025775217736,5.4799999999999995,25.777630123320574,54.599999999999994,8.0,0.5997422478226397,2024-03-03
63,0.3,0.7714459524511682,3.3200000000000003,7.610593578064595,5.48,27.450096345873956,54.599999999999994,8.0,0.389406421935405,2024-03-04
64,0.5,0.8173261634150407,3.4,7.813436534097122,5.48,28.822524503553332,54.599999999999994,8.0,0.18656346590287765,2024-03-05
65,0.5,0.8645377544481465,3.4,8.006809344179288,5.48,29.581445807530102,54.599999999999994,8.0,-0.006809344179288246,2024-03-06
66,0.5,0.9123688227585989,3.4,8.189332852091182,5.56,29.861798584278933,54.599999999999994,8.0,-0.1893328520911819,2024-03-07
67,0.9,0.9602797767589147,3.4,8.360837776677474,5.56,29.953426675303024,54.599999999999994,8.0,-0.3608377766774744,2024-03-08
68,0.9,1.0083782491201214,3.46,8.52269659609093,5.56,30.01007394415329,54.599999999999994,8.0,-0.5226965960909293,2024-03-09
69,0.9,1.0570975755741627,4.040000000000001,8.677563310661908,5.56,30.07343149529722,55.49999999999999,8.0,-0.6775633106619079,2024-03-10
70,0.9,1.1071782327085398,4.040000000000001,8.828879177231885,5.56,30.145941429823235,55.49999999999999,8.0,-0.8288791772318849,2024-03-11
71,0.9,1.1599109753652046,4.6800000000000015,8.979949526373092,5.999999999999999,30.22423184528883,55.49999999999999,8.0,-0.9799495263730922,2024-03-12
72,0.9,1.2166025471144357,4.6800000000000015,9.133022845669021,6.039999999999999,30.305754446009715,59.599999999999994,8.0,-1.1330228456690215,2024-03-13
73,0.9,1.2780937422978949,4.840000000000001,9.289413087420373,6.039999999999999,30.38959951784828,73.5,8.1,-1.1894130874203732,2024-03-14
74,0.9,1.3445218588690586,5.12,9.450052186912334,6.039999999999999,30.476229505144627,73.5,8.1,-1.3500521869123343,2024-03-15
75,0.9,1.4153148430070477,5.180000000000001,9.615132023185271,6.039999999999999,30.567071093030805,73.5,8.1,-1.5151320231852718,2024-03-16
76,0.9,1.4897367953205394,5.180000000000001,9.784217032872291,6.1,30.664219919387744,73.5,8.1,-1.6842170328722919,2024-03-17
77,0.9,1.5669445849751373,5.36,9.956488758673958,6.1,30.76955906571293,73.5,8.1,-1.856488758673958,2024-03-18
78,0.9,1.6460598466989347,5.5,10.130773725960884,7.08,30.883742976393016,73.5,8.3,-1.8307737259608832,2024-03-19
79,0.9,1.7262349465348672,5.5,10.305591036746764,7.08,31.00600916604823,73.5,9.9,-0.4055910367467632,2024-03-20
80,0.9,1.8066970604106214,5.66,10.47955433717971,7.08,31.134496636556673,73.5,9.9,-0.5795543371797098,2024-03-21
81,0.9,1.8869316359368888,5.76,10.651711239454183,7.08,31.266650617053376,73.5,9.9,-0.751711239454183,2024-03-22
82,0.9,1.9667232040500098,5.82,10.821679221157682,7.08,31.399633672318917,73.5,9.9,-0.9216792211576816,2024-03-23
83,0.9,2.04625395941084,6.16,10.989858514262258,7.08,31.531037296974596,73.5,9.9,-1.0898585142622572,2024-03-24
84,1.0,2.1265308686557987,6.32,11.157799693148162,7.14,31.660511719830172,73.5,9.9,-1.2577996931481614,2024-03-25
85,1.0,2.2087718641041665,6.32,11.328032474367383,7.359999999999999,31.78997342971566,73.5,9.9,-1.4280324743673827,2024-03-26
86,1.0,2.293620229144012,6.32,11.503600849783457,7.359999999999999,31.9236431199092,73.5,9.9,-1.6036008497834562,2024-03-27
87,1.0,2.3808283741095275,6.36,11.687701591402066,7.54,32.070385836409145,73.6,9.9,-1.7877015914020653,2024-03-28
88,1.0,2.4694282579906526,6.36,11.882959071840803,7.6,32.24124345780946,73.6,9.9,-1.9829590718408028,2024-03-29
89,1.1,2.558006921417691,6.36,12.090737692062376,7.6,32.44662270897134,73.6,9.9,-2.190737692062376,2024-03-30
90,1.2,2.645309395469318,6.660000000000001,12.311303162188754,8.919999999999998,32.69378438647003,74.0,9.9,-2.4113031621887533,2024-03-31
91,1.5,2.7303167080009794,6.78,12.544088884206875,9.459999999999999,32.9845881212962,74.39999999999999,9.9,-2.644088884206875,2024-04-01
92,1.5,2.8125377286210558,6.86,12.788417529281034,9.88,33.31502883932251,75.1,9.9,-2.8884175292810337,2024-04-02
93,1.5,2.8922679425671483,6.86,13.044120449504645,10.0,33.67776815335955,75.1,9.9,-3.144120449504644,2024-04-03
94,1.5,2.970410666602572,6.96,13.311512977540211,10.319999999999999,34.06392291005618,75.1,9.9,-3.4115129775402107,2024-04-04
95,1.7,3.0482606879948695,7.080000000000001,13.5912954686464,10.88,34.465044718292326,75.1,9.9,-3.6912954686464,2024-04-05
96,1.8,3.12758326042083,7.080000000000001,13.88487807211247,11.08,34.874768003777284,75.1,9.9,-3.984878072112469,2024-04-06
97,1.8,3.210617229915448,7.760000000000001,14.194112959621364,11.52,35.28910231518768,75.1,9.9,-4.294112959621364,2024-04-07
98,1.8,3.3001290538636177,7.86,14.52123681734072,12.16,35.706791923721674,75.1,9.9,-4.621236817340719,2024-04-08
99,1.8,3.39983764313913,7.98,14.868567493734446,12.839999999999998,36.129950484297105,75.1,9.9,-4.9685674937344455,2024-04-09
100,1.8,3.5130619436287516,9.200000000000001,15.237675230886122,12.839999999999998,36.56271135860458,75.1,9.9,-5.337675230886122,2024-04-10
101,1.8,3.6421315237195806,9.860000000000001,15.62895724535681,12.879999999999999,37.00898733587098,75.1,9.9,-5.72895724535681,2024-04-11
102,2.8,3.7881764893375984,10.42,16.041943830321586,13.639999999999999,37.4696541484478,75.1,9.9,-6.141943830321585,2024-04-12
103,3.1,3.951565915285012,10.840000000000002,16.475500634880138,13.78,37.942116471062675,75.1,9.9,-6.575500634880138,2024-04-13
104,3.2,4.131717487030899,10.840000000000002,16.927804837807535,13.939999999999998,38.420363866326625,75.1,9.9,-7.027804837807535,2024-04-14
105,3.5,4.326804550456355,11.740000000000002,17.39623878293564,14.379999999999999,38.896150980716754,76.6,9.9,-7.49623878293564,2024-04-15
106,3.5,4.534154965454942,11.800000000000002,17.87809115524917,15.219999999999997,39.364214922596645,76.6,9.9,-7.978091155249169,2024-04-16
107,3.5,4.750670647014833,12.400000000000004,18.37096626687338,17.179999999999996,39.828166213789295,76.6,9.9,-8.470966266873381,2024-04-17
108,3.5,4.97325326484432,12.520000000000003,18.872958450482624,19.18,40.29962662558756,76.6,9.9,-8.972958450482624,2024-04-18
109,4.2,5.1994596862854845,13.719999999999999,19.382861257580842,19.799999999999997,40.79451237529593,76.6,9.9,-9.482861257580842,2024-04-19
110,4.2,5.4280151041440785,13.86,19.90027973829561,21.279999999999998,41.32883320822051,76.6,9.9,-10.000279738295609,2024-04-20
111,4.2,5.658768554140919,14.260000000000002,20.426040305702962,21.339999999999996,41.91336516849295,76.6,19.9,-0.5260403057029635,2024-04-21
112,4.2,5.891627395880754,14.680000000000001,20.961726501300248,21.639999999999997,42.55091016757942,76.6,31.1,10.138273498699753,2024-04-22
113,4.2,6.126080531729176,14.900000000000002,21.508753174897286,22.0,43.23582939387254,76.6,31.2,9.691246825102713,2024-04-23
114,4.7,6.361111703796816,15.4,22.067805547825408,22.959999999999997,43.95832457123324,76.8,31.2,9.132194452174591,2024-04-24
115,4.7,6.595281288655473,15.520000000000001,22.638420203536995,24.58,44.71050873876286,76.8,31.2,8.561579796463004,2024-04-25
116,4.7,6.826948726369282,16.16,23.218615010880452,24.619999999999997,45.487941072961895,76.8,31.2,7.981384989119547,2024-04-26
117,4.7,7.0547898950660555,16.68,23.805544632499675,24.619999999999997,46.29085824437958,76.8,31.2,7.394455367500324,2024-04-27
118,4.7,7.278468121424751,16.68,24.396061276637383,24.939999999999998,47.12226844466128,76.8,31.2,6.8039387233626165,2024-04-28
119,4.7,7.499718403916011,16.92,24.98762585501129,25.159999999999997,47.98736258300328,76.8,31.2,6.212374144988708,2024-04-29
120,4.7,7.72176733503177,16.92,25.579531602527535,25.599999999999994,48.900044823390104,76.8,31.2,5.6204683974724645,2024-04-30
121,4.7,7.948272177107708,16.92,26.172404658326712,25.599999999999994,49.89572759750332,76.8,31.3,5.127595341673288,2024-05-01
122,4.7,8.182489859779619,16.92,26.767492493914688,27.919999999999998,51.02052005431487,76.8,35.1,8.332507506085314,2024-05-02
123,4.7,8.426845874701762,18.320000000000004,27.366381979870752,27.919999999999998,52.29591579473797,76.8,35.2,7.833618020129251,2024-05-03
124,4.7,8.682319669931463,19.160000000000004,27.971112459005692,27.979999999999997,53.695250206317574,77.2,35.4,7.428887540994307,2024-05-04
125,4.7,8.948374204275062,22.920000000000005,28.584697008081832,29.22,55.1688388141921,77.2,35.4,6.815302991918166,2024-05-05
126,4.7,9.22365324432722,23.400000000000006,29.210633377083507,29.22,56.67452149125807,77.2,35.4,6.189366622916491,2024-05-06
127,4.7,9.50732805458453,24.060000000000006,29.85110033847793,29.299999999999997,58.1929539290385,77.2,35.4,5.548899661522068,2024-05-07
128,4.7,9.799289223245285,26.1,30.505639623285806,29.299999999999997,59.7169138416183,77.2,35.4,4.894360376714193,2024-05-08
129,5.0,10.101867624273032,26.74,31.17292133058712,30.599999999999998,61.24305261503513,77.2,35.4,4.2270786694128795,2024-05-09
130,5.0,10.419437962228045,26.860000000000003,31.851266805647196,31.559999999999995,62.77558294083732,77.2,35.4,3.5487331943528027,2024-05-10
131,5.3,10.756316438416151,27.04,32.538655752356796,32.559999999999995,64.34937658416416,77.2,35.4,2.8613442476432027,2024-05-11
132,5.5,11.115138196144054,27.580000000000002,33.233303788393,33.04,66.05163603643665,77.2,35.4,2.1666962116069968,2024-05-12
133,5.7,11.497331156898278,29.36,33.93457789381585,34.04,67.94472154826897,77.2,36.0,2.065422106184151,2024-05-13
134,6.5,11.902103368172735,29.939999999999998,34.64349074494704,34.4,70.01467825243444,77.5,36.0,1.3565092550529627,2024-05-14
135,8.8,12.326229345115928,29.98,35.36270803853139,35.42,72.21696011863911,77.5,36.2,0.8372919614686154,2024-05-15
136,11.0,12.765237018640192,30.28,36.09711842816805,35.9,74.52524225859744,77.5,36.2,0.10288157183195068,2024-05-16
137,11.2,13.21509763442954,31.62,36.853780437873986,35.94,76.95028074695037,77.5,36.5,-0.3537804378739864,2024-05-17
138,11.2,13.673608818888795,33.0,37.66396680301683,37.559999999999995,79.52555745876238,81.2,36.9,-0.7639668030168281,2024-05-18
139,12.5,14.140302507645268,34.38000000000001,38.73328982172747,40.3,82.2622805863455,86.4,38.6,-0.13328982172746606,2024-05-19
140,13.0,14.614659942377507,34.46000000000001,40.48130079511851,41.2,85.12109874840488,93.7,38.6,-1.8813007951185057,2024-05-20
141,13.1,15.096112006989816,34.660000000000004,42.8883872926708,41.62,88.04208662797694,98.8,38.6,-4.288387292670798,2024-05-21
142,13.3,15.585222080249904,35.86,45.52072637499286,41.7,90.99277726222468,103.3,38.6,-6.92072637499286,2024-05-22
143,13.4,16.085962825702072,36.64,47.955493306065556,42.3,93.97428596140247,105.7,38.6,-9.355493306065554,2024-05-23
144,13.4,16.60836750273157,36.82,50.16075544575915,45.04,97.0710621168712,107.6,38.6,-11.560755445759149,2024-05-24
145,13.5,17.167276548312508,38.1,52.23416953391667,45.22,100.91482443037108,132.8,38.6,-13.634169533916669,2024-05-25
146,13.6,17.788808300433768,38.620000000000005,54.25192274864268,49.059999999999995,106.8954817735397,139.70000000000002,38.6,-15.651922748642676,2024-05-26
147,13.6,18.501857100100896,39.54,56.257625817507055,50.62,114.31054767038978,144.1,38.7,-17.557625817507052,2024-05-27
148,13.6,19.32081728116216,41.4,58.27695979328998,52.63999999999999,120.90630359496457,151.6,38.7,-19.57695979328998,2024-05-28
149,13.6,20.224089565191367,41.82,60.32131553553117,53.839999999999996,126.48241750150575,166.9,38.7,-21.621315535531167,2024-05-29
150,13.9,21.173581867296885,43.599999999999994,62.390045909923145,54.44,131.7775656430007,200.8,38.7,-23.690045909923143,2024-05-30
151,19.0,22.144240372960553,46.86,64.47331839616481,57.08,137.34376281822497,231.1,,,2024-05-31
152,20.9,23.126333058187125,50.2,66.55880382452219,61.26,143.41144838484342,247.4,,,2024-06-01
153,21.0,24.119605776936083,51.88,68.70046593792615,67.52,149.949226808844,257.1,,,2024-06-02
154,21.0,25.1301053652607,52.60000000000001,71.584182562709,71.36,156.72685630872428,257.1,,,2024-06-03
155,21.4,26.168782933021728,52.60000000000001,76.12767937721144,71.66,163.41532429282685,257.1,,,2024-06-04
156,22.3,27.248743904668927,56.980000000000004,80.85002442851442,72.68,169.71151608047708,259.7,,,2024-06-05
157,22.3,28.38202216103017,59.82,85.52894659681793,72.86,175.34556071660174,269.9,,,2024-06-06
158,22.3,29.57765266658082,61.080000000000005,90.17728006884352,74.61999999999999,180.38976971053137,272.3,,,2024-06-07
159,22.3,30.84806174444439,61.28,94.80809370597005,75.24,186.23093678405496,273.0,,,2024-06-08
160,23.2,32.262110750411644,61.84,99.42924529909496,80.78,194.40421182292786,274.8,,,2024-06-09
161,27.5,34.074194210617264,64.94,104.04557037571527,82.11999999999999,203.79788342420963,280.0,,,2024-06-10
162,31.8,36.46789843546313,67.70000000000002,108.66017558254984,86.29999999999998,213.37266692622785,280.8,,,2024-06-11
163,32.8,39.02641365673292,71.11999999999999,113.28296253162178,91.91999999999999,222.97959810755367,281.9,,,2024-06-12
164,33.3,41.40682829271171,80.4,117.93563185285457,104.82,232.5988854081455,282.8,,,2024-06-13
165,33.8,43.652864318321214,86.76,122.59639775304368,107.22,242.21727096601325,284.6,,,2024-06-14
166,33.8,45.88379575980008,91.08000000000001,127.21877692932472,117.0,251.8305974378887,285.1,,,2024-06-15
167,33.8,48.15995417277537,99.56,131.8505720916247,127.25999999999999,261.44289313366556,314.6,,,2024-06-16
168,37.2,50.47533609136359,106.5,136.57243214300908,133.24,271.06915448571493,338.3,,,2024-06-17
169,37.699999999999996,52.79774219025785,117.16000000000001,141.34244656117062,134.66,280.71826657711455,385.5,,,2024-06-18
170,41.4,55.101615075788885,120.60000000000001,146.1229568950695,139.4,290.3908629638562,397.0,,,2024-06-19
171,45.0,57.36916323440608,126.58000000000001,150.8998010109265,141.96,300.0842206710436,402.2,,,2024-06-20
172,50.7,59.584064759807454,129.72,155.67238130744505,144.64,309.7950229547081,410.5,,,2024-06-21
173,52.1,61.732370350855916,134.1,160.44210121613455,155.07999999999998,319.51862528586645,459.0,,,2024-06-22
174,53.4,63.88101203220774,138.34,165.2097017955502,155.71999999999997,329.2478456404514,485.3,,,2024-06-23
175,54.7,66.21783790931862,138.82000000000002,169.97537880722368,163.07999999999998,338.9759048661449,509.9,,,2024-06-24
176,56.0,68.83558245220925,143.78,174.73863543016154,169.23999999999998,348.69892810118745,511.7,,,2024-06-25
177,56.5,71.5631110556914,145.66,179.49576266879401,173.38,358.4191314712902,512.7,,,2024-06-26
178,62.0,74.30070965897382,150.8,184.18382941800414,181.4,368.132773804945,514.5,,,2024-06-27
179,62.4,77.04373144171616,156.36,188.49334758287182,185.06,377.7821671303414,518.4,,,2024-06-28
180,70.3,79.79009442974657,163.54,192.2956624556188,189.22,387.2678545994887,519.2,,,2024-06-29
181,71.8,82.4754778843582,166.76,196.03309942389063,196.0,396.5317321018987,520.1,,,2024-06-30
182,73.0,85.02583658929362,168.7,199.86037477664843,206.98,405.6532456131311,526.5,,,2024-07-01
183,73.8,87.48152144114997,173.08,203.69158889682055,211.35999999999999,414.7080975373606,542.9,,,2024-07-02
184,73.8,89.89813079601457,177.4,207.50455568949505,218.18,423.7127282986273,547.6,,,2024-07-03
185,73.8,92.29219924436535,178.12,211.29306421257576,221.0,432.64413279075745,550.5,,,2024-07-04
186,73.8,94.66703062071257,182.98,215.04943836741708,222.44,441.4329468913819,552.7,,,2024-07-05
187,80.5,97.01762417156915,193.04000000000002,218.77799158089323,223.42,449.96273443998314,556.0,,,2024-07-06
188,81.2,99.34300538208954,197.72000000000003,222.50089845097747,224.54,457.47108764094304,557.3,,,2024-07-07
189,81.7,101.65753524107696,202.32,226.26017334369675,225.16,461.2062861052291,558.1,,,2024-07-08
190,83.0,104.00233834424192,207.48000000000002,230.13233667324297,225.76,463.222951613162,560.8,,,2024-07-09
191,83.0,106.46185297548716,209.6,234.19919702013127,229.54,467.2498089836981,561.1,,,2024-07-10
192,83.3,109.15377812016166,211.0,238.30072366403783,231.88,473.13657871370657,561.2,,,2024-07-11
193,83.4,112.16348666684732,211.36,241.98302528635315,232.44,480.989428946184,571.6,,,2024-07-12
194,87.9,115.20320133504042,212.88000000000002,245.18455100433835,235.24,491.9332154697168,575.4,,,2024-07-13
195,90.0,117.49740646380684,217.56,248.21139837637656,240.54,504.46852734211177,606.7,,,2024-07-14
196,96.5,118.80772478086338,221.80000000000004,251.21648578237264,242.92000000000002,511.2006142318083,618.2,,,2024-07-15
197,100.6,119.73388124682846,223.52000000000004,254.22817444245769,243.84,515.392497197153,622.5,,,2024-07-16
198,101.8,120.61871865301599,230.38,257.2495057506228,251.94,519.2755620900614,622.9,,,2024-07-17
199,102.2,121.50707989327582,232.26000000000002,260.27835404988605,258.34000000000003,522.9321770374914,625.6,,,2024-07-18
200,102.2,122.39857603384247,232.74,263.310830140561,258.68,526.4284848917393,631.2,,,2024-07-19
201,103.3,123.29010684349741,233.34,266.3437722855771,259.0,529.7988290069312,636.0,,,2024-07-20
202,115.0,124.1766016209201,237.06,269.38068439488825,261.82,533.0452969748229,637.1,,,2024-07-21
203,120.2,125.05192567313127,237.88,272.43369671114556,273.14,536.141841817394,642.5,,,2024-07-22
204,121.4,125.91783949542005,241.64000000000001,275.5176126553581,279.88,539.0487730688735,642.9,,,2024-07-23
205,121.5,126.88208165773743,242.84,278.63976856511294,283.09999999999997,541.7542398328926,650.7,,,2024-07-24
206,121.9,128.5210848910068,248.7,281.7925970717198,285.18,544.316550142065,667.7,,,2024-07-25
207,122.2,131.60574231352388,254.9,284.96179828402677,285.64,546.8413075427602,678.0,,,2024-07-26
208,122.3,135.28319046680087,259.15999999999997,288.14076964129083,289.42,549.9341989986469,691.7,,,2024-07-27
209,122.6,138.39587672840344,259.76,291.33159036982704,290.54,556.4043776899431,691.9,,,2024-07-28
210,122.7,140.92519999517012,260.18,294.5396615356198,295.62,566.0840108795094,693.4,,,2024-07-29
211,122.9,143.13700550598122,261.44,297.7696929175979,304.64,575.6830373344367,694.2,,,2024-07-30
212,123.2,145.23083630526807,261.82,301.02223390087255,305.02,584.397259306046,695.1,,,2024-07-31
213,123.3,147.3195575474557,262.42,304.295291891022,305.92,592.4822690702268,696.4,,,2024-08-01
214,123.5,149.47280728488755,262.72,307.58458058209715,306.64,600.0910763454166,696.9,,,2024-08-02
215,123.9,151.74893808997913,263.2,310.88365978424906,309.76,607.201178825722,697.1,,,2024-08-03
216,126.9,154.1755804344725,263.46,314.1864852302507,314.78,613.8101618994064,697.4,,,2024-08-04
217,126.9,156.7293976735764,263.46,317.4923998200354,318.94,620.1702351157124,698.5,,,2024-08-05
218,127.8,159.36436820644093,263.78000000000003,320.80393270687716,320.96,626.6140764057808,698.7,,,2024-08-06
219,128.5,162.0191031312766,264.18,324.12371776490875,321.32,633.5469293569522,698.8,,,2024-08-07
220,129.4,164.60540227530439,268.62,327.4546971758691,322.71999999999997,641.6093583498827,699.1,,,2024-08-08
221,131.4,167.0917042768987,270.56,330.80023681243017,322.98,651.3132854297153,718.4,,,2024-08-09
222,136.2,169.5371403651422,282.66,334.1566753696142,336.15999999999997,661.478535692837,727.4,,,2024-08-10
223,140.4,171.97593541489897,282.84000000000003,337.51609616676313,341.14,669.0240830952571,728.1,,,2024-08-11
224,144.0,174.4163315119782,283.18,340.8752391923291,341.26,674.0208881970306,728.2,,,2024-08-12
225,144.20000000000002,176.85698488106235,283.68,344.23651245537127,342.14,678.4988063412685,728.8,,,2024-08-13
226,144.4,179.2957471052934,284.74,347.60629108811355,342.41999999999996,682.913862212828,731.8,,,2024-08-14
227,144.4,181.7325652000342,285.6,351.0179045423862,342.93999999999994,687.2919583876159,734.4,,,2024-08-15
228,144.8,184.16850879538126,288.4,354.5688289050693,343.17999999999995,691.6564031193988,745.1,,,2024-08-16
229,146.70000000000002,186.60498243306506,288.59999999999997,358.3182942416285,343.17999999999995,696.0206601609319,745.9,,,2024-08-17
230,147.0,189.04316953910245,290.84000000000003,362.1485021027003,346.97999999999996,700.3871716632311,751.0,,,2024-08-18
231,147.0,191.48254616631291,291.76,365.96922364540956,354.71999999999997,704.7498179611183,767.3,,,2024-08-19
232,153.0,193.91783205268013,292.46,369.7778811406476,361.18,709.0931636571725,792.1,,,2024-08-20
233,153.70000000000002,196.33470392232056,292.71999999999997,373.5957636875239,361.71999999999997,713.3929657532585,799.3,,,2024-08-21
234,153.70000000000002,198.71335732209437,293.96,377.42924198296976,363.15999999999997,717.6239806605129,819.3,,,2024-08-22
235,154.1,201.0415192070928,294.04,381.26376113735296,365.02,721.7773472310598,825.2,,,2024-08-23
236,154.5,203.32962719972264,296.22,385.0918541437114,370.84,725.893157737185,833.8,,,2024-08-24
237,154.70000000000002,205.59442991582077,298.52000000000004,388.88823952540275,371.84,731.0889904905011,838.6,,,2024-08-25
238,159.20000000000002,207.84901796323322,306.91999999999996,392.59553462810237,372.5,741.2193684042629,857.6,,,2024-08-26
239,164.4,210.0995839032815,307.86,396.10637066047013,372.88,753.6761700521866,905.7,,,2024-08-27
240,166.1,212.34746474832392,308.28000000000003,399.3943614935943,373.76,763.9056623311692,953.6,,,2024-08-28
241,178.5,214.5914222544085,311.46000000000004,402.84212676097553,376.4,772.2102420347139,956.2,,,2024-08-29
242,187.5,216.82844153400788,320.62,406.940476246681,377.72,779.5785865587796,962.4,,,2024-08-30
243,191.1,219.0540930805206,325.40000000000003,411.4832866519222,387.52,786.5327227457549,962.8,,,2024-08-31
244,195.9,221.26444058334374,331.58000000000004,416.1074347422442,389.84,793.280246914219,971.9,,,2024-09-01
245,201.0,223.46014886008356,332.12000000000006,420.73893353367123,391.28,799.8450422895854,977.3,,,2024-09-02
246,202.5,225.65081534319478,336.16,425.3692491644107,392.32,806.7353654138342,982.4,,,2024-09-03
247,205.3,227.8636032800769,338.78000000000003,429.9937506739083,395.38,814.6783797648312,988.6,,,2024-09-04
248,208.70000000000002,230.13141789228766,340.44,434.6066702025394,405.18,823.4131848493522,989.5,,,2024-09-05
249,211.2,232.4599292781798,342.40000000000003,439.20082181084217,406.9,832.4757985182443,996.7,,,2024-09-06
250,211.6,234.82688305139982,344.44000000000005,443.7745768599792,411.92,841.6082125452002,1000.4,,,2024-09-07
251,211.7,237.20718682160592,345.40000000000003,448.33311593612297,421.28,850.7195391727629,1000.4,,,2024-09-08
252,217.4,239.59139917641772,345.7800000000001,452.88532525009236,440.32,859.7479055209977,1000.7,,,2024-09-09
253,218.2,241.9811258639981,350.3,457.44154399377106,466.02,868.6510980439248,1001.5,,,2024-09-10
254,218.79999999999998,244.37695201608122,350.80000000000007,462.0072579298685,483.24,877.4513515431909,1011.5,,,2024-09-11
255,218.79999999999998,246.77831268409875,351.22,466.5813595361077,490.66,886.2040013060608,1012.3,,,2024-09-12
256,219.5,249.18467694487714,352.44,471.16085057612077,498.82,894.8905987058454,1013.8,,,2024-09-13
257,226.5,251.58942020465958,353.4,475.743513807879,499.78,903.3823526726171,1014.4,,,2024-09-14
258,227.2,253.94636861042682,355.3,480.3264191459787,500.44,911.6004962549673,1014.9,,,2024-09-15
259,229.3,256.16692295714586,356.14000000000004,484.90353917573816,506.29999999999995,919.619403197761,1015.5,,,2024-09-16
260,229.7,258.2701831721805,358.1,489.47003058568305,507.0199999999999,927.5427878183447,1033.5,,,2024-09-17
261,229.8,260.4380498647785,366.14,494.0273059184676,508.75999999999993,935.4258558759271,1038.5,,,2024-09-18
262,230.4,262.758731044106,373.9200000000001,498.5812211360986,509.82,943.277931699829,1042.8,,,2024-09-19
263,231.2,265.02840806199123,375.12000000000006,503.1417838423028,510.0,951.0789760396614,1047.0,,,2024-09-20
264,231.3,267.08093851386536,375.24000000000007,507.723187408724,510.0799999999999,958.7904497268321,1049.9,,,2024-09-21
265,231.4,268.98238534669713,375.70000000000005,512.3382578216168,514.26,966.3738295645168,1051.3,,,2024-09-22
266,234.1,270.84851089015103,400.3,516.9175518178222,522.12,973.8330917183256,1052.2,,,2024-09-23
267,234.7,272.70902833634244,403.20000000000005,520.9199275125287,526.74,981.2176561070195,1064.1,,,2024-09-24
268,235.2,274.5651227909825,406.64000000000004,523.8735313718107,532.74,988.549333472157,1077.9,,,2024-09-25
269,235.8,276.4126164636414,414.0,526.547149791722,540.1800000000001,995.657200478633,1079.9,,,2024-09-26
270,237.3,278.2359874851907,415.6,529.5114198649509,542.14,1001.5213553715726,1079.9,,,2024-09-27
271,239.0,280.0045056614637,419.46,532.6779023954201,542.34,1004.9547083894654,1084.6,,,2024-09-28
272,239.4,281.67291624709634,425.36,535.8873596045169,543.38,1007.5422244623707,1113.9,,,2024-09-29
273,240.2,283.17646299157633,430.86,539.0879319058562,547.9399999999999,1010.9321314773027,1144.8,,,2024-09-30
274,240.5,284.4531896485545,433.54,542.2844437464742,548.1,1014.8096304737574,1161.6,,,2024-10-01
275,242.5,285.5193979866727,446.3,545.5119684047386,549.96,1018.635064816509,1166.1,,,2024-10-02
276,245.3,286.4804933761477,449.64,548.8620811471098,553.32,1022.2750388104956,1171.1,,,2024-10-03
277,245.5,287.3956020780472,453.28,552.5556094443457,553.92,1025.6548868176008,1171.8,,,2024-10-04
278,256.7,288.27857361884793,454.66,556.8745126306814,554.16,1028.7869066929713,1171.8,,,2024-10-05
279,263.8,289.1348765567534,456.04,561.608754474099,554.16,1031.9412304413163,1173.3,,,2024-10-06
280,265.0,289.9689424334855,461.00000000000006,565.4159659194612,554.16,1035.359290370782,1175.4,,,2024-10-07
281,265.0,290.7845830623902,462.68,567.4978240740027,554.88,1039.3211473541583,1177.1,,,2024-10-08
282,265.3,291.5913065583736,462.76,568.7259095494869,555.3,1044.0380706018102,1179.2,,,2024-10-09
283,265.6,292.3973340965053,463.12,569.8288160496375,558.54,1048.8017109951127,1182.6,,,2024-10-10
284,265.6,293.20884407239396,466.70000000000005,570.9225183750532,559.9200000000001,1051.7027463462962,1184.3,,,2024-10-11
285,265.8,294.02304419057134,468.44,571.9994991373197,560.62,1052.6079577918865,1184.7,,,2024-10-12
286,266.1,294.81657384738185,468.47999999999996,573.0450191472365,561.0400000000001,1052.8774463576467,1190.5,,,2024-10-13
287,266.4,295.55883768632464,469.1,574.0467351452636,561.64,1053.080262221979,1191.5,,,2024-10-14
288,267.2,296.2477475381427,469.96000000000004,575.0003882537195,561.9000000000001,1053.2828281903226,1191.7,,,2024-10-15
289,269.7,296.90817045175385,472.78000000000003,575.9092863009811,564.4200000000001,1053.4865990416438,1191.7,,,2024-10-16
290,270.1,297.5642693453479,473.42,576.7806897381403,564.9000000000001,1053.6933890506675,1191.8,,,2024-10-17
291,270.1,298.22607445126476,474.8,577.6221584388816,565.42,1053.9088151798094,1191.8,,,2024-10-18
292,270.1,298.89737351267536,475.40000000000003,578.440346407444,565.42,1054.1395539902048,1191.8,,,2024-10-19
293,270.1,299.5830287626474,475.76,579.240705511653,565.42,1054.3899759466424,1191.8,,,2024-10-20
294,270.1,300.2898255702843,476.6,580.0245977937966,565.42,1054.6607373447591,1191.8,,,2024-10-21
295,270.1,301.0266874985144,476.6,580.7909745878167,565.42,1054.9496385936282,1191.8,,,2024-10-22
296,270.1,301.8049516370658,476.72,581.5414863370437,565.42,1055.253242335939,1192.1,,,2024-10-23
297,270.1,302.6353561189747,476.72,582.2786319670986,565.42,1055.5681935555688,1192.1,,,2024-10-24
298,270.1,303.6339276379832,476.84000000000003,583.0027420367484,565.42,1055.8917912784243,1192.1,,,2024-10-25
299,270.1,305.93443556812525,476.84000000000003,583.70968235137,565.5,1056.2216906401532,1195.6,,,2024-10-26
300,270.1,311.8357802966621,476.84000000000003,584.3910054519249,565.7,1056.5558059621515,1197.3,,,2024-10-27
301,271.3,318.2337275435492,476.84000000000003,585.0373291686327,565.86,1056.8926889451482,1197.3,,,2024-10-28
302,271.7,322.5750061638363,476.84000000000003,585.6406660410295,565.98,1057.2314356404322,1201.3,,,2024-10-29
303,271.7,325.9823746348145,477.50000000000006,586.196951842175,565.98,1057.570648623322,1201.7,,,2024-10-30
304,271.7,329.11483145924484,478.88,586.7083200666192,565.98,1057.9079617771472,1204.3,,,2024-10-31
305,271.7,332.13613288977314,479.08000000000004,587.181029773601,565.98,1058.240536741276,1204.6,,,2024-11-01
306,271.7,335.1217040606584,479.16,587.6228226369982,565.98,1058.5652066765779,1204.6,,,2024-11-02
307,271.7,338.21668200396215,479.24,588.0408358152508,565.98,1058.8786000993703,1204.7,,,2024-11-03
308,271.7,341.756825896192,479.6,588.4403133447597,565.98,1059.1775051582422,1204.7,,,2024-11-04
309,271.7,346.42823489615466,479.6,588.8250911981031,566.02,1059.4592442867392,1204.7,,,2024-11-05
310,272.8,353.09249860426115,479.6,589.1977357305249,566.02,1059.721408908589,1204.7,,,2024-11-06
311,272.8,360.4219366909139,479.6,589.5587813280741,566.02,1059.9614210876507,1204.7,,,2024-11-07
312,272.8,363.9769131067128,479.6,589.9070034370548,566.02,1060.1763416522842,1204.7,,,2024-11-08
313,272.8,364.4389480052966,480.08,590.2400653956054,566.02,1060.3644121357936,1204.7,,,2024-11-09
314,272.8,364.48496681742074,481.28000000000003,590.553843897045,566.56,1060.5261236029942,1204.7,,,2024-11-10
315,272.8,364.58301348332907,481.28000000000003,590.842824800979,566.56,1060.6648103054274,1204.7,,,2024-11-11
316,272.8,364.74684836090915,481.28000000000003,591.1018104915457,566.56,1060.7862250891026,1204.7,,,2024-11-12
317,272.8,364.98722837934923,481.28000000000003,591.3277442037447,566.68,1060.8970488502398,1204.7,,,2024-11-13
318,272.8,365.3027560931914,481.28000000000003,591.5222617239549,566.68,1061.0025572810748,1204.7,,,2024-11-14
319,272.8,365.67553081763594,481.32,591.6930943817156,566.68,1061.1043524592958,1204.7,,,2024-11-15
320,272.8,366.07850659732037,481.32,591.8511339804802,566.68,1061.202339347095,1204.7,,,2024-11-16
321,272.8,366.48724631834096,481.32,592.0050532038033,566.68,1061.2962209883617,1204.7,,,2024-11-17
322,272.8,366.88695588220355,481.32,592.1587072484439,566.68,1061.3860849561731,1204.7,,,2024-11-18
323,272.8,367.27432278392365,481.32,592.3136411184137,566.9799999999999,1061.4722993566522,1204.7,,,2024-11-19
324,272.8,367.6520543029482,481.32,592.4702848445884,566.9799999999999,1061.554986665897,1204.7,,,2024-11-20
325,272.8,368.02495173447306,481.42,592.6285958991629,566.9799999999999,1061.634043767936,1204.7,,,2024-11-21
326,272.8,368.39878345340867,481.42,592.78826437085,566.9799999999999,1061.7093062721824,1204.7,,,2024-11-22
327,272.9,368.7797851502097,481.42,592.9486104516571,566.9799999999999,1061.7805592691734,1204.7,,,2024-11-23
328,273.2,369.1725021968565,481.78000000000003,593.1086408180332,566.9799999999999,1061.8475514689665,1204.7,,,2024-11-24
329,273.2,369.5768006027418,485.70000000000005,593.2671650880978,566.9799999999999,1061.9102384841005,1204.7,,,2024-11-25
330,273.2,369.98806555065875,485.98,593.4228902427544,566.9799999999999,1061.9686379077282,1204.7,,,2024-11-26
331,273.2,370.3963307299692,485.98,593.5744868876121,566.9799999999999,1062.022607809007,1204.7,,,2024-11-27
332,273.2,370.7860114914268,486.02000000000004,593.7205874311538,566.9799999999999,1062.0719669514567,1204.7,,,2024-11-28
333,273.2,371.13959708395,486.32000000000005,593.8600186204441,566.9799999999999,1062.116413871366,1205.2,,,2024-11-29
334,273.7,371.44514058785586,486.32000000000005,593.9919965065397,566.9799999999999,1062.1553687297137,1205.2,,,2024-11-30
335,273.7,371.7023904984177,486.38,594.1163907108686,567.06,1062.1883716962134,1205.2,,,2024-12-01
336,273.7,371.9224198856108,486.42,594.2339268000524,567.06,1062.2152609122618,1205.2,,,2024-12-02
337,273.7,372.1213624997722,486.5,594.3457878081421,567.06,1062.2362282319161,1205.2,,,2024-12-03
338,273.7,372.3131274794762,486.5,594.453091091135,567.06,1062.2519683946532,1205.2,,,2024-12-04
339,273.7,372.5062749163859,486.5,594.5567441827806,567.06,1062.2636550854786,1205.3,,,2024-12-05
340,273.7,372.70441794464887,486.5,594.6576519933309,567.06,1062.2726509954227,1205.3,,,2024-12-06
341,273.7,372.90789756441956,486.56,594.756528035241,567.06,1062.2804890455443,1205.3,,,2024-12-07
342,273.8,373.11393567022935,486.56,594.8539011628137,567.06,1062.288744669604,1205.8,,,2024-12-08
343,273.8,373.3189059911888,486.56,594.9500866762988,567.0999999999999,1062.2986064152012,1205.8,,,2024-12-09
344,273.8,373.5193290769449,486.6,595.0449155133928,567.0999999999999,1062.3103605181398,1205.8,,,2024-12-10
345,273.8,373.71224470637014,486.6,595.1375897724246,567.0999999999999,1062.323763659298,1205.8,,,2024-12-11
346,273.8,373.8956371132781,486.64000000000004,595.2273864841302,567.0999999999999,1062.3384543737966,1205.8,,,2024-12-12
347,273.8,374.0688658281468,486.64000000000004,595.3141325032988,567.0999999999999,1062.354089366914,1205.8,,,2024-12-13
348,273.8,374.23285009985585,486.64000000000004,595.3982525476688,567.0999999999999,1062.370432975936,1205.8,,,2024-12-14
349,273.8,374.38973348455346,486.64000000000004,595.4806394264556,567.0999999999999,1062.3873369350556,1206.1,,,2024-12-15
350,273.8,374.54173113160476,486.64000000000004,595.5622261781537,567.0999999999999,1062.404712953563,1206.1,,,2024-12-16
351,273.8,374.6899239436968,486.82000000000005,595.6434314151059,567.0999999999999,1062.4225207534867,1206.1,,,2024-12-17
352,273.8,374.80129170933526,486.86,595.7174282381142,567.3,1062.4406351825462,1206.1,,,2024-12-18
353,273.8,374.9085647761721,490.04,595.7900606018947,567.3,1062.458559007455,1206.1,,,2024-12-19
354,273.8,375.014796632026,490.04,595.8624789236401,567.3,1062.4766535649853,1206.1,,,2024-12-20
355,273.8,375.1199052078134,490.04,595.9347386932366,567.42,1062.494928464883,1206.1,,,2024-12-21
356,273.8,375.22339861824344,490.04,596.0066935127364,567.42,1062.513313806344,1206.1,,,2024-12-22
357,273.8,375.32487137953314,490.28000000000003,596.0781991392314,567.42,1062.531732174752,1206.1,,,2024-12-23
358,273.8,375.4240275198652,490.28000000000003,596.1491408741412,567.4599999999999,1062.5501134945794,1206.1,,,2024-12-24
359,273.8,375.52064542533026,490.28000000000003,596.2194313978364,567.4999999999999,1062.568397839931,1206.1,,,2024-12-25
360,273.8,375.6145597908623,490.40000000000003,596.2890064290035,567.5799999999999,1062.5865362176028,1206.1,,,2024-12-26
361,274.0,375.7056563685904,490.40000000000003,596.3578140249369,567.6999999999999,1062.6044914090744,1206.1,,,2024-12-27
362,274.3,375.7938733923768,490.40000000000003,596.4258146529714,567.9999999999999,1062.6222373263424,1206.1,,,2024-12-28
363,274.3,375.8792065708429,490.40000000000003,596.4929822657787,567.9999999999999,1062.6397535096485,1206.1,,,2024-12-29
364,274.3,375.96171580608996,490.40000000000003,596.5593042545933,567.9999999999999,1062.6570260396697,1206.1,,,2024-12-30
365,274.3,376.0415327870729,490.40000000000003,596.6247892287894,567.9999999999999,1062.6740502889897,1206.1,,,2024-12-31
